765198455	nucleoprotein	Carajas_virus	000002F	1280661_1280035
393707850	N_gene_product	Kotonkan_virus	000002F	1280944_1280876
765198174	nucleoprotein	Barur_virus	000002F	4893213_4892746
700075054	glycoprotein	Tench_rhabdovirus_S64	000003F	3704043_3705362
752455745	glycoprotein	Xincheng_Mosquito_Virus	000003F	3722529_3723029
752455745	glycoprotein	Xincheng_Mosquito_Virus	000003F	3735314_3735649
765198174	nucleoprotein	Barur_virus	000004F	280875_281981
765198174	nucleoprotein	Barur_virus	000008F	4732888_4732418
700074725	N_protein	Curionopolis_virus	000008F	4734942_4734559
229904920	polyprotein_precursor	Quang_Binh_virus	000015F	2244020_2243334
700075151	glycoprotein	Grass_carp_rhabdovirus_V76	000015F	2248650_2247268
229904920	polyprotein_precursor	Quang_Binh_virus	000015F	2254571_2253918
700075151	glycoprotein	Grass_carp_rhabdovirus_V76	000015F	2259198_2257816
752455543	glycoprotein	Wuhan_Mosquito_Virus_8	000015F	2304000_2302153
752455733	ORF3	Wuhan_Mosquito_Virus_9	000015F	2358408_2357692
752455531	glycoprotein	Wuchang_Cockraoch_Virus_3	000015F	2442723_2443676
700074725	N_protein	Curionopolis_virus	000022F	2860928_2861590
765198174	nucleoprotein	Barur_virus	000022F	2862618_2863088
752455751	glycoprotein	Yongjia_Tick_Virus_2	000041F	452212_453144
752455743	ORF1	Xincheng_Mosquito_Virus	000041F	478900_479379
752455743	ORF1	Xincheng_Mosquito_Virus	000041F	479404_479973
765198443	nucleoprotein	Mosqueiro_virus	000043F	1078335_1079603
393707877	nucleoprotein	Obodhiang_virus	000043F	1942497_1943741
765198471	nucleoprotein	Nkolbisson_virus	000044F	1812896_1813300
37695589	NS5_protein	Kamiti_River_virus	000044F	1826421_1826705
109255261	replicase	Citrus_leprosis_virus_C	000044F	1830906_1831664
109255261	replicase	Citrus_leprosis_virus_C	000044F	1836399_1837073
700074761	glycoprotein	Pike_fry_rhabdovirus	000044F	1846102_1846881
109255261	replicase	Citrus_leprosis_virus_C	000044F	1851299_1851961
109255261	replicase	Citrus_leprosis_virus_C	000044F	1854310_1854984
219552917	replicase	Cactus_mild_mottle_virus	000044F	1856590_1857036
765198174	nucleoprotein	Barur_virus	000044F	1857704_1858906
765198365	nucleoprotein	Marco_virus	000044F	1876942_1877628
752455543	glycoprotein	Wuhan_Mosquito_Virus_8	000049F	3561116_3562954
752455735	RNA-dependent_RNA_polymerase	Wuhan_Mosquito_Virus_9	000073F	2658934_2658713
700895636	nucleoprotein	Culex_tritaeniorhynchus_rhabdovirus	000074F	2584390_2585508
752455543	glycoprotein	Wuhan_Mosquito_Virus_8	000107F	119533_118142
752455743	ORF1	Xincheng_Mosquito_Virus	000107F	178467_179159
765198455	nucleoprotein	Carajas_virus	000112F	3135257_3136048
765198365	nucleoprotein	Marco_virus	000116F	837068_838129
765198365	nucleoprotein	Marco_virus	000116F	842656_843486
752455743	ORF1	Xincheng_Mosquito_Virus	000116F	844888_845790
765198180	nucleoprotein	Itacaiunas_virus	000116F	3014241_3014495
765198174	nucleoprotein	Barur_virus	000116F	3014617_3015093
109255266	putative_RNA_dependent_RNA_polymerase;_RdRp	Citrus_leprosis_virus_C	000129F	1826756_1827586
752455543	glycoprotein	Wuhan_Mosquito_Virus_8	000145F	313853_315688
752455503	glycoprotein	Lishi_Spider_Virus_1	000150F	1172112_1172555
752455531	glycoprotein	Wuchang_Cockraoch_Virus_3	000150F	1172887_1173180
765198443	nucleoprotein	Mosqueiro_virus	000151F	24300_25568
752455665	RNA-dependent_RNA_polymerase	Wuhan_Fly_Virus_2	000161F	92912_93232
302317585	RNA-directed_RNA_polymerase_partial	Circulifer_tenellus_virus_1	000171F	1226200_1225247
752455531	glycoprotein	Wuchang_Cockraoch_Virus_3	000194F	55296_55799
752455531	glycoprotein	Wuchang_Cockraoch_Virus_3	000194F	55832_57142
471236998	large_polymerase_protein	Isfahan_virus	000206F	2320499_2320431
700074783	nucleoprotein_N	Berrimah_virus	000206F	2325151_2324123
765198166	nucleoprotein	Garba_virus	000206F	2327334_2326300
752455949	nucleopasid_protein	Wutai_Mosquito_Virus	000212F	397476_396796
229904920	polyprotein_precursor	Quang_Binh_virus	000212F	465457_464771
700075151	glycoprotein	Grass_carp_rhabdovirus_V76	000212F	470088_468706
752455733	ORF3	Wuhan_Mosquito_Virus_9	000212F	528899_528207
752455510	polymerase	Shayang_Fly_Virus_1	000216F	21511_22359
752455510	polymerase	Shayang_Fly_Virus_1	000216F	22568_22708
752455619	RNA-dependent_RNA_polymerase	Shayang_Fly_Virus_2	000234F	1994203_1994289
765198443	nucleoprotein	Mosqueiro_virus	000234F	2001386_2001240
765198443	nucleoprotein	Mosqueiro_virus	000234F	2001813_2001496
752455674	RNA-dependent_RNA_polymerase	Wuhan_House_Fly_Virus_1	000234F	2006745_2006900
752455543	glycoprotein	Wuhan_Mosquito_Virus_8	000243F	998316_999497
752455531	glycoprotein	Wuchang_Cockraoch_Virus_3	000243F	1000503_1001303
765198365	nucleoprotein	Marco_virus	000255F	2132787_2132143
752455543	glycoprotein	Wuhan_Mosquito_Virus_8	000278F	1808980_1809426
752455531	glycoprotein	Wuchang_Cockraoch_Virus_3	000278F	1812205_1812291
752455531	glycoprotein	Wuchang_Cockraoch_Virus_3	000278F	1812294_1812464
752455531	glycoprotein	Wuchang_Cockraoch_Virus_3	000295F	1868761_1869135
752455543	glycoprotein	Wuhan_Mosquito_Virus_8	000295F	1869376_1870500
752455531	glycoprotein	Wuchang_Cockraoch_Virus_3	000312F	1289219_1291075
765198174	nucleoprotein	Barur_virus	000322F	863904_863296
765198534	nucleoprotein	Ord_River_virus	000322F	864095_863934
731188609	hypothetical_protein	Dendrolimus_punctatus_cypovirus_22	000353F	516641_517822
752455543	glycoprotein	Wuhan_Mosquito_Virus_8	000408F	496881_496564
765198308	nucleoprotein	Oita_virus	000408F	804726_803785
752455543	glycoprotein	Wuhan_Mosquito_Virus_8	000413F	840155_841213
752455949	nucleopasid_protein	Wutai_Mosquito_Virus	000434F	738796_739281
765198371	glycoprotein	Le_Dantec_virus	000438F	468284_469423
765198371	glycoprotein	Le_Dantec_virus	000438F	484170_484727
765198371	glycoprotein	Le_Dantec_virus	000438F	493178_494317
752455745	glycoprotein	Xincheng_Mosquito_Virus	000438F	499253_500551
33620714	polyprotein_precursor	Kamiti_River_virus	000438F	510000_510548
33620714	polyprotein_precursor	Kamiti_River_virus	000438F	511335_512036
9627243	cell_fusing_agent_polyprotein	Cell_fusing_agent_virus	000438F	512895_513239
353332644	polymerase	Blueberry_necrotic_ring_blotch_virus	000438F	524441_525061
765198371	glycoprotein	Le_Dantec_virus	000438F	525858_526898
700075151	glycoprotein	Grass_carp_rhabdovirus_V76	000438F	1115955_1114756
752455751	glycoprotein	Yongjia_Tick_Virus_2	000438F	1130055_1129357
752455543	glycoprotein	Wuhan_Mosquito_Virus_8	000441F	46434_46955
752455658	RNA-dependent_RNA_polymerase	Wuhan_Ant_Virus	000447F	381898_382626
752455658	RNA-dependent_RNA_polymerase	Wuhan_Ant_Virus	000447F	383250_384209
752455543	glycoprotein	Wuhan_Mosquito_Virus_8	000453F	1676031_1677878
752455673	glycoprotein	Wuhan_House_Fly_Virus_1	000453F	1682930_1683616
765198443	nucleoprotein	Mosqueiro_virus	000459F	474456_473482
765198174	nucleoprotein	Barur_virus	000478F	710760_709852
752455658	RNA-dependent_RNA_polymerase	Wuhan_Ant_Virus	000478F	764052_763288
752455734	glycoprotein	Wuhan_Mosquito_Virus_9	000505F	1249267_1248530
752455510	polymerase	Shayang_Fly_Virus_1	000510F	1108764_1110293
700895636	nucleoprotein	Culex_tritaeniorhynchus_rhabdovirus	000551F	904836_904516
765198174	nucleoprotein	Barur_virus	000551F	906809_906378
765198365	nucleoprotein	Marco_virus	000556F	1043748_1044290
765198471	nucleoprotein	Nkolbisson_virus	000560F	235494_236684
752455589	RNA-dependent_RNA_polymerase	Bole_Tick_Virus_2	000569F	1236623_1236384
752455543	glycoprotein	Wuhan_Mosquito_Virus_8	000607F	194803_196641
765198443	nucleoprotein	Mosqueiro_virus	000617F	172736_171762
752455543	glycoprotein	Wuhan_Mosquito_Virus_8	000628F	1044206_1044940
765198332	nucleoprotein	Fukuoka_virus	000687F	13832_13981
765198174	nucleoprotein	Barur_virus	000687F	15541_15690
752455745	glycoprotein	Xincheng_Mosquito_Virus	000704F	500385_500020
752455745	glycoprotein	Xincheng_Mosquito_Virus	000704F	501031_500783
752455745	glycoprotein	Xincheng_Mosquito_Virus	000704F	502252_501758
752455745	glycoprotein	Xincheng_Mosquito_Virus	000704F	527238_526609
752455745	glycoprotein	Xincheng_Mosquito_Virus	000704F	529650_529021
700075054	glycoprotein	Tench_rhabdovirus_S64	000704F	533302_532106
701219274	glycoprotein	Scophthalmus_maximus_rhabdovirus	000704F	543775_543311
37695589	NS5_protein	Kamiti_River_virus	000704F	548427_547882
37695589	NS5_protein	Kamiti_River_virus	000704F	550859_549927
700075151	glycoprotein	Grass_carp_rhabdovirus_V76	000704F	555626_554910
752455734	glycoprotein	Wuhan_Mosquito_Virus_9	000704F	559591_559460
752455734	glycoprotein	Wuhan_Mosquito_Virus_9	000704F	560891_559650
37695589	NS5_protein	Kamiti_River_virus	000704F	563750_562302
700075054	glycoprotein	Tench_rhabdovirus_S64	000704F	565512_565354
752455522	putative_nucleoprotein	Wenzhou_Crab_Virus_2	000704F	566103_565801
655454925	polyprotein	Nienokoue_virus	000704F	578099_577959
37695589	NS5_protein	Kamiti_River_virus	000704F	623468_623016
700895636	nucleoprotein	Culex_tritaeniorhynchus_rhabdovirus	000713F	928479_927937
700895636	nucleoprotein	Culex_tritaeniorhynchus_rhabdovirus	000713F	969305_970651
752455531	glycoprotein	Wuchang_Cockraoch_Virus_3	000723F	1253343_1255199
752455543	glycoprotein	Wuhan_Mosquito_Virus_8	000755F	412036_413460
752455543	glycoprotein	Wuhan_Mosquito_Virus_8	000762F	866041_864266
752455745	glycoprotein	Xincheng_Mosquito_Virus	000776F	1116443_1116751
752455745	glycoprotein	Xincheng_Mosquito_Virus	000776F	1123873_1124814
752455745	glycoprotein	Xincheng_Mosquito_Virus	000776F	1126761_1127171
752455745	glycoprotein	Xincheng_Mosquito_Virus	000776F	1128578_1129966
752455745	glycoprotein	Xincheng_Mosquito_Virus	000776F	1129969_1130379
701219367	nucleoprotein	Malakal_virus	000790F	6277_4850
701219343	nucleoprotein_N	Coastal_Plains_virus	000790F	13797_13009
701219367	nucleoprotein	Malakal_virus	000790F	15509_14082
701219367	nucleoprotein	Malakal_virus	000790F	17221_15794
701219367	nucleoprotein	Malakal_virus	000790F	18932_17505
701219367	nucleoprotein	Malakal_virus	000790F	20643_19216
701219367	nucleoprotein	Malakal_virus	000790F	22354_20927
701219367	nucleoprotein	Malakal_virus	000790F	24065_22638
701219367	nucleoprotein	Malakal_virus	000790F	25776_24349
701219367	nucleoprotein	Malakal_virus	000790F	27487_26060
701219367	nucleoprotein	Malakal_virus	000790F	29198_27771
701219367	nucleoprotein	Malakal_virus	000790F	30524_29481
701219343	nucleoprotein_N	Coastal_Plains_virus	000790F	51735_51370
701219343	nucleoprotein_N	Coastal_Plains_virus	000790F	53481_52843
700074783	nucleoprotein_N	Berrimah_virus	000790F	55241_54840
765198455	nucleoprotein	Carajas_virus	000790F	56278_55844
765198371	glycoprotein	Le_Dantec_virus	000790F	104097_103237
752455949	nucleopasid_protein	Wutai_Mosquito_Virus	000821F	119353_119838
752455531	glycoprotein	Wuchang_Cockraoch_Virus_3	000831F	1007904_1009712
700895636	nucleoprotein	Culex_tritaeniorhynchus_rhabdovirus	000850F	1203406_1202996
393707877	nucleoprotein	Obodhiang_virus	000883F	429278_429574
701219275	RNA-dependent_RNA_polymerase	Scophthalmus_maximus_rhabdovirus	000885F	744134_744421
700895640	large_protein	Culex_tritaeniorhynchus_rhabdovirus	000885F	746977_747993
752455665	RNA-dependent_RNA_polymerase	Wuhan_Fly_Virus_2	000909F	138796_139116
752455531	glycoprotein	Wuchang_Cockraoch_Virus_3	000916F	141596_142444
752455531	glycoprotein	Wuchang_Cockraoch_Virus_3	000916F	142501_143451
752455734	glycoprotein	Wuhan_Mosquito_Virus_9	000933F	799541_798804
752455731	ORF1	Wuhan_Mosquito_Virus_9	000933F	804016_803762
765198484	nucleoprotein	Bivens_Arm_virus	000933F	807279_806746
752455734	glycoprotein	Wuhan_Mosquito_Virus_9	000933F	818162_817425
27735343	putative_non-structural_protein_NS2a	Cell_fusing_agent_virus	000933F	841008_840682
85813356	VP5	Liao_ning_virus	000933F	844506_844036
765198332	nucleoprotein	Fukuoka_virus	000933F	847685_847629
37695582	envelope_protein	Kamiti_River_virus	000933F	848529_847864
254688377	polyprotein	Aedes_flavivirus	000933F	849279_849103
254688377	polyprotein	Aedes_flavivirus	000933F	849847_849314
700895636	nucleoprotein	Culex_tritaeniorhynchus_rhabdovirus	000933F	852214_851615
765198371	glycoprotein	Le_Dantec_virus	000933F	874115_872961
393707877	nucleoprotein	Obodhiang_virus	000933F	889028_888291
752455745	glycoprotein	Xincheng_Mosquito_Virus	000933F	889964_889356
66508433	glycoprotein	Tupaia_virus	000933F	896976_896521
700075151	glycoprotein	Grass_carp_rhabdovirus_V76	000933F	968203_969231
752455949	nucleopasid_protein	Wutai_Mosquito_Virus	000933F	994628_994879
393707850	N_gene_product	Kotonkan_virus	000933F	1119723_1119803
765198365	nucleoprotein	Marco_virus	000933F	1120130_1120687
752455543	glycoprotein	Wuhan_Mosquito_Virus_8	000970F	807002_808849
752455543	glycoprotein	Wuhan_Mosquito_Virus_8	000990F	214852_214028
765198174	nucleoprotein	Barur_virus	000993F	902485_901529
765198219	nucleoprotein	Parry_Creek_virus	001019F	492404_492595
752455882	glycoprotein_precursor	Wuhan_Mosquito_Virus_2	001019F	502170_502901
752455731	ORF1	Wuhan_Mosquito_Virus_9	001019F	508785_509228
765198332	nucleoprotein	Fukuoka_virus	001039F	1044505_1044251
752455543	glycoprotein	Wuhan_Mosquito_Virus_8	001100F	796027_796971
10086562	nucleoprotein_N	Bovine_ephemeral_fever_virus	001106F	869195_868950
752455543	glycoprotein	Wuhan_Mosquito_Virus_8	001123F	697734_697372
752455543	glycoprotein	Wuhan_Mosquito_Virus_8	001126F	364485_366332
765198174	nucleoprotein	Barur_virus	001135F	450963_450175
752455531	glycoprotein	Wuchang_Cockraoch_Virus_3	001148F	539150_537531
752455743	ORF1	Xincheng_Mosquito_Virus	001205F	538009_538461
752455745	glycoprotein	Xincheng_Mosquito_Virus	001238F	251853_252356
752455745	glycoprotein	Xincheng_Mosquito_Virus	001238F	252358_252966
752455882	glycoprotein_precursor	Wuhan_Mosquito_Virus_2	001250F	6373_5642
700074566	N_protein	Kolente_virus	001250F	19399_19031
752455543	glycoprotein	Wuhan_Mosquito_Virus_8	001252F	483615_481768
752455543	glycoprotein	Wuhan_Mosquito_Virus_8	001279F	359791_361638
752455543	glycoprotein	Wuhan_Mosquito_Virus_8	001305F	493633_491786
700895636	nucleoprotein	Culex_tritaeniorhynchus_rhabdovirus	001306F	81402_82055
752455745	glycoprotein	Xincheng_Mosquito_Virus	001313F	686378_686043
752455745	glycoprotein	Xincheng_Mosquito_Virus	001313F	691450_690008
700075151	glycoprotein	Grass_carp_rhabdovirus_V76	001313F	728091_727375
752455510	polymerase	Shayang_Fly_Virus_1	001351F	345893_347041
752455510	polymerase	Shayang_Fly_Virus_1	001351F	347085_347219
700074783	nucleoprotein_N	Berrimah_virus	001379F	12601_11558
752455543	glycoprotein	Wuhan_Mosquito_Virus_8	001405F	198229_200076
700895636	nucleoprotein	Culex_tritaeniorhynchus_rhabdovirus	001407F	62435_63094
765198365	nucleoprotein	Marco_virus	001493F	276011_276814
752455531	glycoprotein	Wuchang_Cockraoch_Virus_3	001519F	199240_201096
765198166	nucleoprotein	Garba_virus	001536F	98201_97893
393707877	nucleoprotein	Obodhiang_virus	001536F	111008_110277
471236998	large_polymerase_protein	Isfahan_virus	001540F	325335_325210
765198471	nucleoprotein	Nkolbisson_virus	001602F	349514_350419
752455543	glycoprotein	Wuhan_Mosquito_Virus_8	001602F	597350_598588
752455743	ORF1	Xincheng_Mosquito_Virus	001665F	410544_409975
752455743	ORF1	Xincheng_Mosquito_Virus	001665F	413415_412849
752455743	ORF1	Xincheng_Mosquito_Virus	001665F	436688_436209
752455949	nucleopasid_protein	Wutai_Mosquito_Virus	001665F	446528_445833
752455751	glycoprotein	Yongjia_Tick_Virus_2	001665F	454262_453519
752455745	glycoprotein	Xincheng_Mosquito_Virus	001769F	235959_236564
752455745	glycoprotein	Xincheng_Mosquito_Virus	001769F	243268_243816
752455745	glycoprotein	Xincheng_Mosquito_Virus	001769F	243825_244526
752455745	glycoprotein	Xincheng_Mosquito_Virus	001769F	248097_248816
752455745	glycoprotein	Xincheng_Mosquito_Virus	001769F	252178_253275
752455745	glycoprotein	Xincheng_Mosquito_Virus	001769F	259607_260227
752455745	glycoprotein	Xincheng_Mosquito_Virus	001769F	260365_260550
700075151	glycoprotein	Grass_carp_rhabdovirus_V76	001769F	271759_273135
765198365	nucleoprotein	Marco_virus	001769F	274824_275882
359683124	unnamed_protein_product	Grapevine_leafroll-associated_virus_7	001769F	278480_278629
700075151	glycoprotein	Grass_carp_rhabdovirus_V76	001769F	285469_285984
752455543	glycoprotein	Wuhan_Mosquito_Virus_8	001769F	289279_289929
752455543	glycoprotein	Wuhan_Mosquito_Virus_8	001769F	297103_297504
752455531	glycoprotein	Wuchang_Cockraoch_Virus_3	001769F	301455_301904
254688377	polyprotein	Aedes_flavivirus	001769F	303496_304374
254688377	polyprotein	Aedes_flavivirus	001769F	304449_305948
9627243	cell_fusing_agent_polyprotein	Cell_fusing_agent_virus	001769F	313111_314592
701219378	nucleocapsid	Sunguru_virus	001769F	319283_319465
765198365	nucleoprotein	Marco_virus	001769F	321613_322503
254688377	polyprotein	Aedes_flavivirus	001769F	325348_326985
752455503	glycoprotein	Lishi_Spider_Virus_1	001769F	329646_329783
752455503	glycoprotein	Lishi_Spider_Virus_1	001769F	329786_330004
752455882	glycoprotein_precursor	Wuhan_Mosquito_Virus_2	001769F	331400_331621
27735345	putative_non-structural_protein_NS3	Cell_fusing_agent_virus	001769F	334434_335915
37695586	NS3_protein	Kamiti_River_virus	001769F	338885_339226
27735345	putative_non-structural_protein_NS3	Cell_fusing_agent_virus	001769F	343960_345441
33620714	polyprotein_precursor	Kamiti_River_virus	001769F	347811_348620
254688377	polyprotein	Aedes_flavivirus	001769F	356983_358650
9627243	cell_fusing_agent_polyprotein	Cell_fusing_agent_virus	001769F	364200_364451
765198365	nucleoprotein	Marco_virus	001769F	375018_375908
752455543	glycoprotein	Wuhan_Mosquito_Virus_8	001769F	385095_385772
752455673	glycoprotein	Wuhan_House_Fly_Virus_1	001769F	388957_389643
752455531	glycoprotein	Wuchang_Cockraoch_Virus_3	001790F	71816_73672
752455543	glycoprotein	Wuhan_Mosquito_Virus_8	001792F	16305_18041
752455743	ORF1	Xincheng_Mosquito_Virus	001813F	62740_63354
752455743	ORF1	Xincheng_Mosquito_Virus	001813F	86391_87005
752455743	ORF1	Xincheng_Mosquito_Virus	001813F	97505_98119
752455743	ORF1	Xincheng_Mosquito_Virus	001813F	109704_109090
752455751	glycoprotein	Yongjia_Tick_Virus_2	001815F	490164_490853
700075054	glycoprotein	Tench_rhabdovirus_S64	001815F	505167_506492
765198308	nucleoprotein	Oita_virus	001815F	509869_510087
752455543	glycoprotein	Wuhan_Mosquito_Virus_8	001828F	114576_113314
752455543	glycoprotein	Wuhan_Mosquito_Virus_8	001835F	96212_98059
752455734	glycoprotein	Wuhan_Mosquito_Virus_9	001871F	141180_140557
752455731	ORF1	Wuhan_Mosquito_Virus_9	001871F	149401_149147
765198484	nucleoprotein	Bivens_Arm_virus	001871F	151996_151463
752455734	glycoprotein	Wuhan_Mosquito_Virus_9	001871F	164177_163731
85813356	VP5	Liao_ning_virus	001871F	189154_188684
765198308	nucleoprotein	Oita_virus	001871F	192377_191868
37695582	envelope_protein	Kamiti_River_virus	001871F	193350_192556
33620714	polyprotein_precursor	Kamiti_River_virus	001871F	193616_193509
254688377	polyprotein	Aedes_flavivirus	001871F	194570_194121
700895636	nucleoprotein	Culex_tritaeniorhynchus_rhabdovirus	001871F	197052_196453
765198500	glycoprotein	Keuraliba_virus	001871F	219795_219217
752455673	glycoprotein	Wuhan_House_Fly_Virus_1	001871F	221375_220971
752455745	glycoprotein	Xincheng_Mosquito_Virus	001871F	231995_231387
66508433	glycoprotein	Tupaia_virus	001871F	239429_238974
66508433	glycoprotein	Tupaia_virus	001871F	308126_308800
752455949	nucleopasid_protein	Wutai_Mosquito_Virus	001871F	335871_336218
752455543	glycoprotein	Wuhan_Mosquito_Virus_8	001957F	88400_89800
37695589	NS5_protein	Kamiti_River_virus	001962F	131369_131821
752455531	glycoprotein	Wuchang_Cockraoch_Virus_3	001962F	167679_169535
700075151	glycoprotein	Grass_carp_rhabdovirus_V76	001962F	176925_177443
700075151	glycoprotein	Grass_carp_rhabdovirus_V76	001962F	183143_184054
37695589	NS5_protein	Kamiti_River_virus	001962F	187900_189351
701219274	glycoprotein	Scophthalmus_maximus_rhabdovirus	001962F	193456_193920
752455745	glycoprotein	Xincheng_Mosquito_Virus	001962F	200935_201564
752455745	glycoprotein	Xincheng_Mosquito_Virus	001962F	203377_204648
752455745	glycoprotein	Xincheng_Mosquito_Virus	001962F	235105_235944
752455745	glycoprotein	Xincheng_Mosquito_Virus	001962F	241218_241565
752455745	glycoprotein	Xincheng_Mosquito_Virus	001962F	241649_242497
752455745	glycoprotein	Xincheng_Mosquito_Virus	001962F	243268_243711
700074783	nucleoprotein_N	Berrimah_virus	001967F	377165_378208
700895636	nucleoprotein	Culex_tritaeniorhynchus_rhabdovirus	001973F	62181_63527
752455743	ORF1	Xincheng_Mosquito_Virus	002023F	36839_36114
752455743	ORF1	Xincheng_Mosquito_Virus	002023F	40522_39572
765198174	nucleoprotein	Barur_virus	002123F	235442_236380
752455543	glycoprotein	Wuhan_Mosquito_Virus_8	002195F	368062_367193
752455745	glycoprotein	Xincheng_Mosquito_Virus	002237F	8906_9511
752455543	glycoprotein	Wuhan_Mosquito_Virus_8	002251F	13995_15731
752455543	glycoprotein	Wuhan_Mosquito_Virus_8	002327F	270983_272023
752455503	glycoprotein	Lishi_Spider_Virus_1	002327F	272813_273583
752455745	glycoprotein	Xincheng_Mosquito_Virus	002327F	275042_275413
752455745	glycoprotein	Xincheng_Mosquito_Virus	002327F	275415_276023
752455543	glycoprotein	Wuhan_Mosquito_Virus_8	002378F	201506_201895
752455743	ORF1	Xincheng_Mosquito_Virus	002438F	172877_172356
752455731	ORF1	Wuhan_Mosquito_Virus_9	002438F	173241_172978
700074783	nucleoprotein_N	Berrimah_virus	002486F	226651_227718
33620714	polyprotein_precursor	Kamiti_River_virus	002510F	13214_13342
9627243	cell_fusing_agent_polyprotein	Cell_fusing_agent_virus	002510F	15087_15173
33620714	polyprotein_precursor	Kamiti_River_virus	002510F	17894_18007
9627243	cell_fusing_agent_polyprotein	Cell_fusing_agent_virus	002510F	27000_27770
700895636	nucleoprotein	Culex_tritaeniorhynchus_rhabdovirus	002548F	177720_177310
765198365	nucleoprotein	Marco_virus	002610F	14572_15633
765198365	nucleoprotein	Marco_virus	002610F	22909_23454
752455743	ORF1	Xincheng_Mosquito_Virus	002610F	33055_32153
765198365	nucleoprotein	Marco_virus	002610F	35516_34455
700895636	nucleoprotein	Culex_tritaeniorhynchus_rhabdovirus	002610F	40263_41093
752455743	ORF1	Xincheng_Mosquito_Virus	002610F	42440_43381
752455531	glycoprotein	Wuchang_Cockraoch_Virus_3	002649F	91326_93182
752455543	glycoprotein	Wuhan_Mosquito_Virus_8	002655F	132564_134300
765198365	nucleoprotein	Marco_virus	002781F	325_681
359683124	unnamed_protein_product	Grapevine_leafroll-associated_virus_7	002781F	3077_3658
700075151	glycoprotein	Grass_carp_rhabdovirus_V76	002781F	11481_11996
700074761	glycoprotein	Pike_fry_rhabdovirus	002781F	14359_14580
752455543	glycoprotein	Wuhan_Mosquito_Virus_8	002781F	20635_21642
752455531	glycoprotein	Wuchang_Cockraoch_Virus_3	002781F	26072_26521
33620714	polyprotein_precursor	Kamiti_River_virus	002781F	27931_29010
254688377	polyprotein	Aedes_flavivirus	002781F	29741_30232
254688377	polyprotein	Aedes_flavivirus	002781F	30240_31292
254688377	polyprotein	Aedes_flavivirus	002781F	31381_32367
700074783	nucleoprotein_N	Berrimah_virus	002781F	39580_40605
9627243	cell_fusing_agent_polyprotein	Cell_fusing_agent_virus	002781F	44855_45082
27735345	putative_non-structural_protein_NS3	Cell_fusing_agent_virus	002781F	52605_52964
254688377	polyprotein	Aedes_flavivirus	002781F	54128_54559
33620714	polyprotein_precursor	Kamiti_River_virus	002781F	55405_58182
37695586	NS3_protein	Kamiti_River_virus	002781F	66401_67840
254688377	polyprotein	Aedes_flavivirus	002781F	68631_68807
37695586	NS3_protein	Kamiti_River_virus	002781F	69407_69646
9627243	cell_fusing_agent_polyprotein	Cell_fusing_agent_virus	002781F	71534_72256
37695586	NS3_protein	Kamiti_River_virus	002781F	73061_73222
752455543	glycoprotein	Wuhan_Mosquito_Virus_8	002781F	85764_87611
37695586	NS3_protein	Kamiti_River_virus	002781F	90406_90651
33620714	polyprotein_precursor	Kamiti_River_virus	002781F	90694_92649
27735345	putative_non-structural_protein_NS3	Cell_fusing_agent_virus	002781F	93362_93721
752455743	ORF1	Xincheng_Mosquito_Virus	002781F	100637_101320
752455673	glycoprotein	Wuhan_House_Fly_Virus_1	002781F	125012_125698
752455743	ORF1	Xincheng_Mosquito_Virus	002865F	44112_43588
752455731	ORF1	Wuhan_Mosquito_Virus_9	002865F	44474_44244
752455743	ORF1	Xincheng_Mosquito_Virus	002976F	9592_8909
254688377	polyprotein	Aedes_flavivirus	002976F	12497_11724
9627243	cell_fusing_agent_polyprotein	Cell_fusing_agent_virus	002976F	13687_13130
37695586	NS3_protein	Kamiti_River_virus	002976F	24299_23958
27735345	putative_non-structural_protein_NS3	Cell_fusing_agent_virus	002976F	27250_25757
33620714	polyprotein_precursor	Kamiti_River_virus	002976F	33085_31064
37695586	NS3_protein	Kamiti_River_virus	002976F	38022_37321
752455882	glycoprotein_precursor	Wuhan_Mosquito_Virus_2	002976F	48105_47884
752455503	glycoprotein	Lishi_Spider_Virus_1	002976F	49343_48975
254688377	polyprotein	Aedes_flavivirus	002976F	53726_52959
700074783	nucleoprotein_N	Berrimah_virus	002976F	56712_55645
700074783	nucleoprotein_N	Berrimah_virus	002976F	59653_58586
9627243	cell_fusing_agent_polyprotein	Cell_fusing_agent_virus	002976F	66890_66213
33620714	polyprotein_precursor	Kamiti_River_virus	002976F	69307_68993
752455531	glycoprotein	Wuchang_Cockraoch_Virus_3	002976F	70862_70416
752455543	glycoprotein	Wuhan_Mosquito_Virus_8	002976F	92318_91245
700075054	glycoprotein	Tench_rhabdovirus_S64	002976F	98178_97588
700075054	glycoprotein	Tench_rhabdovirus_S64	002976F	99067_98474
700075054	glycoprotein	Tench_rhabdovirus_S64	002976F	100011_99487
9627243	cell_fusing_agent_polyprotein	Cell_fusing_agent_virus	002989F	2498_3154
37695586	NS3_protein	Kamiti_River_virus	002989F	4175_4225
33620714	polyprotein_precursor	Kamiti_River_virus	002989F	4825_5064
37695586	NS3_protein	Kamiti_River_virus	002989F	7250_7558
27735345	putative_non-structural_protein_NS3	Cell_fusing_agent_virus	002989F	8488_8628
752455531	glycoprotein	Wuchang_Cockraoch_Virus_3	002989F	21192_21398
731188609	hypothetical_protein	Dendrolimus_punctatus_cypovirus_22	003331F	23614_24132
752455531	glycoprotein	Wuchang_Cockraoch_Virus_3	003331F	26543_27124
33620714	polyprotein_precursor	Kamiti_River_virus	002510F	8836_8982